id,mutation,file,test,inner_id,status,language,start,end,mutatorName,replacement
0,bin/host/halide_blur.halide_generated.cpp (Line 253) : Replaced > with >=,bin/host/halide_blur.halide_generated.cpp,test,cxx_gt_to_ge,Survived,cpp,253:15,253:16,Replaced > with >=,>=
1,bin/host/halide_blur.halide_generated.cpp (Line 253) : Replaced > with <=,bin/host/halide_blur.halide_generated.cpp,test,cxx_gt_to_le,Survived,cpp,253:15,253:16,Replaced > with <=,<=
2,bin/host/halide_blur.halide_generated.cpp (Line 258) : Replaced < with >=,bin/host/halide_blur.halide_generated.cpp,test,cxx_lt_to_ge,Killed,cpp,258:15,258:16,Replaced < with >=,>=
3,bin/host/halide_blur.halide_generated.cpp (Line 258) : Replaced < with <=,bin/host/halide_blur.halide_generated.cpp,test,cxx_lt_to_le,Survived,cpp,258:15,258:16,Replaced < with <=,<=
4,bin/host/halide_blur.halide_generated.cpp (Line 1580) : Replaced + with -,bin/host/halide_blur.halide_generated.cpp,test,cxx_add_to_sub,Survived,cpp,1580:18,1580:19,Replaced + with -,-
5,bin/host/halide_blur.halide_generated.cpp (Line 1580) : Replaced - with +,bin/host/halide_blur.halide_generated.cpp,test,cxx_sub_to_add,Survived,cpp,1580:30,1580:31,Replaced - with +,+
6,bin/host/halide_blur.halide_generated.cpp (Line 1580) : Replaced - with +,bin/host/halide_blur.halide_generated.cpp,test,cxx_sub_to_add,Survived,cpp,1580:49,1580:50,Replaced - with +,+
7,bin/host/halide_blur.halide_generated.cpp (Line 1583) : Replaced + with -,bin/host/halide_blur.halide_generated.cpp,test,cxx_add_to_sub,Survived,cpp,1583:30,1583:31,Replaced + with -,-
8,bin/host/halide_blur.halide_generated.cpp (Line 1584) : Replaced == with !=,bin/host/halide_blur.halide_generated.cpp,test,cxx_eq_to_ne,Killed,cpp,1584:14,1584:16,Replaced == with !=,!=
9,bin/host/halide_blur.halide_generated.cpp (Line 1589) : Replaced + with -,bin/host/halide_blur.halide_generated.cpp,test,cxx_add_to_sub,Survived,cpp,1589:40,1589:41,Replaced + with -,-
10,bin/host/halide_blur.halide_generated.cpp (Line 1589) : Replaced + with -,bin/host/halide_blur.halide_generated.cpp,test,cxx_add_to_sub,Survived,cpp,1589:52,1589:53,Replaced + with -,-
11,bin/host/halide_blur.halide_generated.cpp (Line 1589) : Replaced - with +,bin/host/halide_blur.halide_generated.cpp,test,cxx_sub_to_add,Survived,cpp,1589:69,1589:70,Replaced - with +,+
12,bin/host/halide_blur.halide_generated.cpp (Line 1589) : Replaced - with +,bin/host/halide_blur.halide_generated.cpp,test,cxx_sub_to_add,Survived,cpp,1589:88,1589:89,Replaced - with +,+
13,bin/host/halide_blur.halide_generated.cpp (Line 1603) : Replaced <= with >,bin/host/halide_blur.halide_generated.cpp,test,cxx_le_to_gt,Survived,cpp,1603:11,1603:13,Replaced <= with >,>
14,bin/host/halide_blur.halide_generated.cpp (Line 1603) : Replaced <= with <,bin/host/halide_blur.halide_generated.cpp,test,cxx_le_to_lt,Survived,cpp,1603:11,1603:13,Replaced <= with <,<
15,bin/host/halide_blur.halide_generated.cpp (Line 1604) : Replaced < with >=,bin/host/halide_blur.halide_generated.cpp,test,cxx_lt_to_ge,Survived,cpp,1604:27,1604:28,Replaced < with >=,>=
16,bin/host/halide_blur.halide_generated.cpp (Line 1604) : Replaced < with <=,bin/host/halide_blur.halide_generated.cpp,test,cxx_lt_to_le,Survived,cpp,1604:27,1604:28,Replaced < with <=,<=
17,bin/host/halide_blur.halide_generated.cpp (Line 1604) : Replaced ++x with --x,bin/host/halide_blur.halide_generated.cpp,test,cxx_pre_inc_to_pre_dec,Survived,cpp,1604:42,1604:44,Replaced ++x with --x,--
18,bin/host/halide_blur.halide_generated.cpp (Line 1605) : Replaced == with !=,bin/host/halide_blur.halide_generated.cpp,test,cxx_eq_to_ne,Survived,cpp,1605:68,1605:70,Replaced == with !=,!=
19,bin/host/halide_blur.halide_generated.cpp (Line 1606) : Replaced == with !=,bin/host/halide_blur.halide_generated.cpp,test,cxx_eq_to_ne,Survived,cpp,1606:32,1606:34,Replaced == with !=,!=
20,bin/host/halide_blur.halide_generated.cpp (Line 1622) : Replaced < with >=,bin/host/halide_blur.halide_generated.cpp,test,cxx_lt_to_ge,Survived,cpp,1622:23,1622:24,Replaced < with >=,>=
21,bin/host/halide_blur.halide_generated.cpp (Line 1622) : Replaced < with <=,bin/host/halide_blur.halide_generated.cpp,test,cxx_lt_to_le,Survived,cpp,1622:23,1622:24,Replaced < with <=,<=
22,bin/host/halide_blur.halide_generated.cpp (Line 1622) : Replaced ++x with --x,bin/host/halide_blur.halide_generated.cpp,test,cxx_pre_inc_to_pre_dec,Survived,cpp,1622:38,1622:40,Replaced ++x with --x,--
23,bin/host/halide_blur.halide_generated.cpp (Line 1623) : Replaced == with !=,bin/host/halide_blur.halide_generated.cpp,test,cxx_eq_to_ne,Survived,cpp,1623:24,1623:26,Replaced == with !=,!=
24,bin/host/halide_blur.halide_generated.cpp (Line 1712) : Replaced < with >=,bin/host/halide_blur.halide_generated.cpp,test,cxx_lt_to_ge,Survived,cpp,1712:21,1712:22,Replaced < with >=,>=
25,bin/host/halide_blur.halide_generated.cpp (Line 1712) : Replaced < with <=,bin/host/halide_blur.halide_generated.cpp,test,cxx_lt_to_le,Survived,cpp,1712:21,1712:22,Replaced < with <=,<=
26,bin/host/halide_blur.halide_generated.cpp (Line 1717) : Replaced > with >=,bin/host/halide_blur.halide_generated.cpp,test,cxx_gt_to_ge,Survived,cpp,1717:28,1717:29,Replaced > with >=,>=
27,bin/host/halide_blur.halide_generated.cpp (Line 1717) : Replaced > with <=,bin/host/halide_blur.halide_generated.cpp,test,cxx_gt_to_le,Survived,cpp,1717:28,1717:29,Replaced > with <=,<=
28,bin/host/halide_blur.halide_generated.cpp (Line 1742) : Replaced < with >=,bin/host/halide_blur.halide_generated.cpp,test,cxx_lt_to_ge,Killed,cpp,1742:25,1742:26,Replaced < with >=,>=
29,bin/host/halide_blur.halide_generated.cpp (Line 1742) : Replaced < with <=,bin/host/halide_blur.halide_generated.cpp,test,cxx_lt_to_le,Survived,cpp,1742:25,1742:26,Replaced < with <=,<=
30,bin/host/halide_blur.halide_generated.cpp (Line 1742) : Replaced + with -,bin/host/halide_blur.halide_generated.cpp,test,cxx_add_to_sub,Killed,cpp,1742:31,1742:32,Replaced + with -,-
31,bin/host/halide_blur.halide_generated.cpp (Line 1742) : Replaced x++ with x--,bin/host/halide_blur.halide_generated.cpp,test,cxx_post_inc_to_post_dec,Killed,cpp,1742:40,1742:42,Replaced x++ with x--,--
32,bin/host/halide_blur.halide_generated.cpp (Line 1992) : Replaced != with ==,bin/host/halide_blur.halide_generated.cpp,test,cxx_ne_to_eq,Killed,cpp,1992:31,1992:33,Replaced != with ==,==
33,bin/host/halide_blur.halide_generated.cpp (Line 2681) : Replaced == with !=,bin/host/halide_blur.halide_generated.cpp,test,cxx_eq_to_ne,Killed,cpp,2681:22,2681:24,Replaced == with !=,!=
34,bin/host/halide_blur.halide_generated.cpp (Line 2681) : Replaced == with !=,bin/host/halide_blur.halide_generated.cpp,test,cxx_eq_to_ne,Survived,cpp,2681:48,2681:50,Replaced == with !=,!=
35,bin/host/halide_blur.halide_generated.cpp (Line 2707) : Replaced != with ==,bin/host/halide_blur.halide_generated.cpp,test,cxx_ne_to_eq,Survived,cpp,2707:15,2707:17,Replaced != with ==,==
36,bin/host/halide_blur.halide_generated.cpp (Line 2708) : Replaced < with >=,bin/host/halide_blur.halide_generated.cpp,test,cxx_lt_to_ge,Survived,cpp,2708:27,2708:28,Replaced < with >=,>=
37,bin/host/halide_blur.halide_generated.cpp (Line 2708) : Replaced < with <=,bin/host/halide_blur.halide_generated.cpp,test,cxx_lt_to_le,Survived,cpp,2708:27,2708:28,Replaced < with <=,<=
38,bin/host/halide_blur.halide_generated.cpp (Line 2708) : Replaced x++ with x--,bin/host/halide_blur.halide_generated.cpp,test,cxx_post_inc_to_post_dec,Survived,cpp,2708:42,2708:44,Replaced x++ with x--,--
39,bin/host/halide_blur.halide_generated.cpp (Line 3760) : Replaced * with /,bin/host/halide_blur.halide_generated.cpp,test,cxx_mul_to_div,Killed,cpp,3760:34,3760:35,Replaced * with /,/
40,bin/host/halide_blur.halide_generated.cpp (Line 3761) : Replaced + with -,bin/host/halide_blur.halide_generated.cpp,test,cxx_add_to_sub,Survived,cpp,3761:22,3761:23,Replaced + with -,-
41,bin/host/halide_blur.halide_generated.cpp (Line 3765) : Replaced * with /,bin/host/halide_blur.halide_generated.cpp,test,cxx_mul_to_div,Survived,cpp,3765:27,3765:28,Replaced * with /,/
42,bin/host/halide_blur.halide_generated.cpp (Line 3766) : Replaced > with >=,bin/host/halide_blur.halide_generated.cpp,test,cxx_gt_to_ge,Survived,cpp,3766:18,3766:19,Replaced > with >=,>=
43,bin/host/halide_blur.halide_generated.cpp (Line 3766) : Replaced > with <=,bin/host/halide_blur.halide_generated.cpp,test,cxx_gt_to_le,Killed,cpp,3766:18,3766:19,Replaced > with <=,<=
44,bin/host/halide_blur.halide_generated.cpp (Line 3766) : Replaced * with /,bin/host/halide_blur.halide_generated.cpp,test,cxx_mul_to_div,Survived,cpp,3766:55,3766:56,Replaced * with /,/
45,bin/host/halide_blur.halide_generated.cpp (Line 3766) : Replaced > with >=,bin/host/halide_blur.halide_generated.cpp,test,cxx_gt_to_ge,Survived,cpp,3766:75,3766:76,Replaced > with >=,>=
46,bin/host/halide_blur.halide_generated.cpp (Line 3766) : Replaced > with <=,bin/host/halide_blur.halide_generated.cpp,test,cxx_gt_to_le,Killed,cpp,3766:75,3766:76,Replaced > with <=,<=
47,bin/host/halide_blur.halide_generated.cpp (Line 3771) : Replaced * with /,bin/host/halide_blur.halide_generated.cpp,test,cxx_mul_to_div,Survived,cpp,3771:79,3771:80,Replaced * with /,/
48,bin/host/halide_blur.halide_generated.cpp (Line 3772) : Replaced != with ==,bin/host/halide_blur.halide_generated.cpp,test,cxx_ne_to_eq,Killed,cpp,3772:24,3772:26,Replaced != with ==,==
49,bin/host/halide_blur.halide_generated.cpp (Line 3772) : Replaced == with !=,bin/host/halide_blur.halide_generated.cpp,test,cxx_eq_to_ne,Survived,cpp,3772:44,3772:46,Replaced == with !=,!=
50,bin/host/halide_blur.halide_generated.cpp (Line 3777) : Replaced + with -,bin/host/halide_blur.halide_generated.cpp,test,cxx_add_to_sub,Killed,cpp,3777:26,3777:27,Replaced + with -,-
51,bin/host/halide_blur.halide_generated.cpp (Line 3778) : Replaced < with >=,bin/host/halide_blur.halide_generated.cpp,test,cxx_lt_to_ge,Survived,cpp,3778:79,3778:80,Replaced < with >=,>=
52,bin/host/halide_blur.halide_generated.cpp (Line 3778) : Replaced < with <=,bin/host/halide_blur.halide_generated.cpp,test,cxx_lt_to_le,Survived,cpp,3778:79,3778:80,Replaced < with <=,<=
53,bin/host/halide_blur.halide_generated.cpp (Line 3778) : Replaced x++ with x--,bin/host/halide_blur.halide_generated.cpp,test,cxx_post_inc_to_post_dec,Killed,cpp,3778:115,3778:117,Replaced x++ with x--,--
54,bin/host/halide_blur.halide_generated.cpp (Line 3779) : Replaced + with -,bin/host/halide_blur.halide_generated.cpp,test,cxx_add_to_sub,Killed,cpp,3779:55,3779:56,Replaced + with -,-
55,bin/host/halide_blur.halide_generated.cpp (Line 3781) : Replaced * with /,bin/host/halide_blur.halide_generated.cpp,test,cxx_mul_to_div,Killed,cpp,3781:31,3781:32,Replaced * with /,/
56,bin/host/halide_blur.halide_generated.cpp (Line 3782) : Replaced + with -,bin/host/halide_blur.halide_generated.cpp,test,cxx_add_to_sub,Killed,cpp,3782:31,3782:32,Replaced + with -,-
57,bin/host/halide_blur.halide_generated.cpp (Line 3783) : Replaced * with /,bin/host/halide_blur.halide_generated.cpp,test,cxx_mul_to_div,Killed,cpp,3783:31,3783:32,Replaced * with /,/
58,bin/host/halide_blur.halide_generated.cpp (Line 3784) : Replaced + with -,bin/host/halide_blur.halide_generated.cpp,test,cxx_add_to_sub,Killed,cpp,3784:31,3784:32,Replaced + with -,-
59,bin/host/halide_blur.halide_generated.cpp (Line 3785) : Replaced < with >=,bin/host/halide_blur.halide_generated.cpp,test,cxx_lt_to_ge,Survived,cpp,3785:57,3785:58,Replaced < with >=,>=
60,bin/host/halide_blur.halide_generated.cpp (Line 3785) : Replaced < with <=,bin/host/halide_blur.halide_generated.cpp,test,cxx_lt_to_le,Survived,cpp,3785:57,3785:58,Replaced < with <=,<=
61,bin/host/halide_blur.halide_generated.cpp (Line 3785) : Replaced + with -,bin/host/halide_blur.halide_generated.cpp,test,cxx_add_to_sub,Survived,cpp,3785:61,3785:62,Replaced + with -,-
62,bin/host/halide_blur.halide_generated.cpp (Line 3785) : Replaced x++ with x--,bin/host/halide_blur.halide_generated.cpp,test,cxx_post_inc_to_post_dec,Killed,cpp,3785:82,3785:84,Replaced x++ with x--,--
63,bin/host/halide_blur.halide_generated.cpp (Line 3786) : Replaced * with /,bin/host/halide_blur.halide_generated.cpp,test,cxx_mul_to_div,Survived,cpp,3786:46,3786:47,Replaced * with /,/
64,bin/host/halide_blur.halide_generated.cpp (Line 3787) : Replaced - with +,bin/host/halide_blur.halide_generated.cpp,test,cxx_sub_to_add,Survived,cpp,3787:34,3787:35,Replaced - with +,+
65,bin/host/halide_blur.halide_generated.cpp (Line 3790) : Replaced < with >=,bin/host/halide_blur.halide_generated.cpp,test,cxx_lt_to_ge,Survived,cpp,3790:30,3790:31,Replaced < with >=,>=
66,bin/host/halide_blur.halide_generated.cpp (Line 3790) : Replaced < with <=,bin/host/halide_blur.halide_generated.cpp,test,cxx_lt_to_le,Survived,cpp,3790:30,3790:31,Replaced < with <=,<=
67,bin/host/halide_blur.halide_generated.cpp (Line 3792) : Replaced < with >=,bin/host/halide_blur.halide_generated.cpp,test,cxx_lt_to_ge,Survived,cpp,3792:30,3792:31,Replaced < with >=,>=
68,bin/host/halide_blur.halide_generated.cpp (Line 3792) : Replaced < with <=,bin/host/halide_blur.halide_generated.cpp,test,cxx_lt_to_le,Survived,cpp,3792:30,3792:31,Replaced < with <=,<=
69,bin/host/halide_blur.halide_generated.cpp (Line 3794) : Replaced * with /,bin/host/halide_blur.halide_generated.cpp,test,cxx_mul_to_div,Survived,cpp,3794:50,3794:51,Replaced * with /,/
70,bin/host/halide_blur.halide_generated.cpp (Line 3795) : Replaced + with -,bin/host/halide_blur.halide_generated.cpp,test,cxx_add_to_sub,Survived,cpp,3795:38,3795:39,Replaced + with -,-
71,bin/host/halide_blur.halide_generated.cpp (Line 3798) : Replaced < with >=,bin/host/halide_blur.halide_generated.cpp,test,cxx_lt_to_ge,Survived,cpp,3798:34,3798:35,Replaced < with >=,>=
72,bin/host/halide_blur.halide_generated.cpp (Line 3798) : Replaced < with <=,bin/host/halide_blur.halide_generated.cpp,test,cxx_lt_to_le,Survived,cpp,3798:34,3798:35,Replaced < with <=,<=
73,bin/host/halide_blur.halide_generated.cpp (Line 3802) : Replaced + with -,bin/host/halide_blur.halide_generated.cpp,test,cxx_add_to_sub,Killed,cpp,3802:39,3802:40,Replaced + with -,-
74,bin/host/halide_blur.halide_generated.cpp (Line 3803) : Replaced + with -,bin/host/halide_blur.halide_generated.cpp,test,cxx_add_to_sub,Killed,cpp,3803:39,3803:40,Replaced + with -,-
75,bin/host/halide_blur.halide_generated.cpp (Line 3805) : Replaced + with -,bin/host/halide_blur.halide_generated.cpp,test,cxx_add_to_sub,Killed,cpp,3805:39,3805:40,Replaced + with -,-
76,bin/host/halide_blur.halide_generated.cpp (Line 3808) : Replaced + with -,bin/host/halide_blur.halide_generated.cpp,test,cxx_add_to_sub,Killed,cpp,3808:43,3808:44,Replaced + with -,-
77,bin/host/halide_blur.halide_generated.cpp (Line 3809) : Replaced + with -,bin/host/halide_blur.halide_generated.cpp,test,cxx_add_to_sub,Killed,cpp,3809:43,3809:44,Replaced + with -,-
78,bin/host/halide_blur.halide_generated.cpp (Line 3812) : Replaced / with *,bin/host/halide_blur.halide_generated.cpp,test,cxx_div_to_mul,Killed,cpp,3812:43,3812:44,Replaced / with *,*
79,bin/host/halide_blur.halide_generated.cpp (Line 3813) : Replaced + with -,bin/host/halide_blur.halide_generated.cpp,test,cxx_add_to_sub,Survived,cpp,3813:39,3813:40,Replaced + with -,-
80,bin/host/halide_blur.halide_generated.cpp (Line 3819) : Replaced - with +,bin/host/halide_blur.halide_generated.cpp,test,cxx_sub_to_add,Survived,cpp,3819:27,3819:28,Replaced - with +,+
81,bin/host/halide_blur.halide_generated.cpp (Line 3820) : Replaced - with +,bin/host/halide_blur.halide_generated.cpp,test,cxx_sub_to_add,Survived,cpp,3820:25,3820:26,Replaced - with +,+
82,bin/host/halide_blur.halide_generated.cpp (Line 3821) : Replaced + with -,bin/host/halide_blur.halide_generated.cpp,test,cxx_add_to_sub,Killed,cpp,3821:26,3821:27,Replaced + with -,-
83,bin/host/halide_blur.halide_generated.cpp (Line 3822) : Replaced < with >=,bin/host/halide_blur.halide_generated.cpp,test,cxx_lt_to_ge,Killed,cpp,3822:63,3822:64,Replaced < with >=,>=
84,bin/host/halide_blur.halide_generated.cpp (Line 3822) : Replaced < with <=,bin/host/halide_blur.halide_generated.cpp,test,cxx_lt_to_le,Survived,cpp,3822:63,3822:64,Replaced < with <=,<=
85,bin/host/halide_blur.halide_generated.cpp (Line 3822) : Replaced x++ with x--,bin/host/halide_blur.halide_generated.cpp,test,cxx_post_inc_to_post_dec,Killed,cpp,3822:92,3822:94,Replaced x++ with x--,--
86,bin/host/halide_blur.halide_generated.cpp (Line 3824) : Replaced + with -,bin/host/halide_blur.halide_generated.cpp,test,cxx_add_to_sub,Survived,cpp,3824:47,3824:48,Replaced + with -,-
87,bin/host/halide_blur.halide_generated.cpp (Line 3825) : Replaced * with /,bin/host/halide_blur.halide_generated.cpp,test,cxx_mul_to_div,Survived,cpp,3825:31,3825:32,Replaced * with /,/
88,bin/host/halide_blur.halide_generated.cpp (Line 3826) : Replaced + with -,bin/host/halide_blur.halide_generated.cpp,test,cxx_add_to_sub,Survived,cpp,3826:31,3826:32,Replaced + with -,-
89,bin/host/halide_blur.halide_generated.cpp (Line 3827) : Replaced + with -,bin/host/halide_blur.halide_generated.cpp,test,cxx_add_to_sub,Survived,cpp,3827:31,3827:32,Replaced + with -,-
90,bin/host/halide_blur.halide_generated.cpp (Line 3829) : Replaced + with -,bin/host/halide_blur.halide_generated.cpp,test,cxx_add_to_sub,Survived,cpp,3829:31,3829:32,Replaced + with -,-
91,bin/host/halide_blur.halide_generated.cpp (Line 3832) : Replaced + with -,bin/host/halide_blur.halide_generated.cpp,test,cxx_add_to_sub,Survived,cpp,3832:35,3832:36,Replaced + with -,-
92,bin/host/halide_blur.halide_generated.cpp (Line 3833) : Replaced + with -,bin/host/halide_blur.halide_generated.cpp,test,cxx_add_to_sub,Survived,cpp,3833:35,3833:36,Replaced + with -,-
93,bin/host/halide_blur.halide_generated.cpp (Line 3836) : Replaced / with *,bin/host/halide_blur.halide_generated.cpp,test,cxx_div_to_mul,Survived,cpp,3836:35,3836:36,Replaced / with *,*
94,bin/host/halide_blur.halide_generated.cpp (Line 3837) : Replaced + with -,bin/host/halide_blur.halide_generated.cpp,test,cxx_add_to_sub,Survived,cpp,3837:31,3837:32,Replaced + with -,-
95,bin/host/halide_blur.halide_generated.cpp (Line 3839) : Replaced * with /,bin/host/halide_blur.halide_generated.cpp,test,cxx_mul_to_div,Survived,cpp,3839:31,3839:32,Replaced * with /,/
96,bin/host/halide_blur.halide_generated.cpp (Line 3842) : Replaced + with -,bin/host/halide_blur.halide_generated.cpp,test,cxx_add_to_sub,Survived,cpp,3842:47,3842:48,Replaced + with -,-
97,bin/host/halide_blur.halide_generated.cpp (Line 3843) : Replaced + with -,bin/host/halide_blur.halide_generated.cpp,test,cxx_add_to_sub,Survived,cpp,3843:31,3843:32,Replaced + with -,-
98,bin/host/halide_blur.halide_generated.cpp (Line 3845) : Replaced * with /,bin/host/halide_blur.halide_generated.cpp,test,cxx_mul_to_div,Survived,cpp,3845:31,3845:32,Replaced * with /,/
99,bin/host/halide_blur.halide_generated.cpp (Line 3847) : Replaced + with -,bin/host/halide_blur.halide_generated.cpp,test,cxx_add_to_sub,Survived,cpp,3847:31,3847:32,Replaced + with -,-
100,bin/host/halide_blur.halide_generated.cpp (Line 3849) : Replaced * with /,bin/host/halide_blur.halide_generated.cpp,test,cxx_mul_to_div,Survived,cpp,3849:31,3849:32,Replaced * with /,/
101,bin/host/halide_blur.halide_generated.cpp (Line 3852) : Replaced * with /,bin/host/halide_blur.halide_generated.cpp,test,cxx_mul_to_div,Survived,cpp,3852:31,3852:32,Replaced * with /,/
102,bin/host/halide_blur.halide_generated.cpp (Line 3854) : Replaced + with -,bin/host/halide_blur.halide_generated.cpp,test,cxx_add_to_sub,Survived,cpp,3854:35,3854:36,Replaced + with -,-
103,bin/host/halide_blur.halide_generated.cpp (Line 3855) : Replaced + with -,bin/host/halide_blur.halide_generated.cpp,test,cxx_add_to_sub,Survived,cpp,3855:35,3855:36,Replaced + with -,-
104,bin/host/halide_blur.halide_generated.cpp (Line 3858) : Replaced / with *,bin/host/halide_blur.halide_generated.cpp,test,cxx_div_to_mul,Survived,cpp,3858:35,3858:36,Replaced / with *,*
105,bin/host/halide_blur.halide_generated.cpp (Line 3859) : Replaced + with -,bin/host/halide_blur.halide_generated.cpp,test,cxx_add_to_sub,Killed,cpp,3859:47,3859:48,Replaced + with -,-
106,bin/host/halide_blur.halide_generated.cpp (Line 3860) : Replaced * with /,bin/host/halide_blur.halide_generated.cpp,test,cxx_mul_to_div,Survived,cpp,3860:31,3860:32,Replaced * with /,/
107,bin/host/halide_blur.halide_generated.cpp (Line 3862) : Replaced + with -,bin/host/halide_blur.halide_generated.cpp,test,cxx_add_to_sub,Killed,cpp,3862:47,3862:48,Replaced + with -,-
108,bin/host/halide_blur.halide_generated.cpp (Line 3863) : Replaced + with -,bin/host/halide_blur.halide_generated.cpp,test,cxx_add_to_sub,Survived,cpp,3863:32,3863:33,Replaced + with -,-
109,bin/host/halide_blur.halide_generated.cpp (Line 3865) : Replaced * with /,bin/host/halide_blur.halide_generated.cpp,test,cxx_mul_to_div,Killed,cpp,3865:33,3865:34,Replaced * with /,/
110,bin/host/halide_blur.halide_generated.cpp (Line 3866) : Replaced * with /,bin/host/halide_blur.halide_generated.cpp,test,cxx_mul_to_div,Killed,cpp,3866:32,3866:33,Replaced * with /,/
111,bin/host/halide_blur.halide_generated.cpp (Line 3867) : Replaced + with -,bin/host/halide_blur.halide_generated.cpp,test,cxx_add_to_sub,Killed,cpp,3867:33,3867:34,Replaced + with -,-
112,bin/host/halide_blur.halide_generated.cpp (Line 3868) : Replaced + with -,bin/host/halide_blur.halide_generated.cpp,test,cxx_add_to_sub,Survived,cpp,3868:32,3868:33,Replaced + with -,-
113,bin/host/halide_blur.halide_generated.cpp (Line 3869) : Replaced < with >=,bin/host/halide_blur.halide_generated.cpp,test,cxx_lt_to_ge,Killed,cpp,3869:73,3869:74,Replaced < with >=,>=
114,bin/host/halide_blur.halide_generated.cpp (Line 3869) : Replaced < with <=,bin/host/halide_blur.halide_generated.cpp,test,cxx_lt_to_le,Survived,cpp,3869:73,3869:74,Replaced < with <=,<=
115,bin/host/halide_blur.halide_generated.cpp (Line 3869) : Replaced + with -,bin/host/halide_blur.halide_generated.cpp,test,cxx_add_to_sub,Killed,cpp,3869:77,3869:78,Replaced + with -,-
116,bin/host/halide_blur.halide_generated.cpp (Line 3869) : Replaced x++ with x--,bin/host/halide_blur.halide_generated.cpp,test,cxx_post_inc_to_post_dec,Killed,cpp,3869:107,3869:109,Replaced x++ with x--,--
117,bin/host/halide_blur.halide_generated.cpp (Line 3870) : Replaced * with /,bin/host/halide_blur.halide_generated.cpp,test,cxx_mul_to_div,Survived,cpp,3870:55,3870:56,Replaced * with /,/
118,bin/host/halide_blur.halide_generated.cpp (Line 3871) : Replaced + with -,bin/host/halide_blur.halide_generated.cpp,test,cxx_add_to_sub,Survived,cpp,3871:35,3871:36,Replaced + with -,-
119,bin/host/halide_blur.halide_generated.cpp (Line 3872) : Replaced < with >=,bin/host/halide_blur.halide_generated.cpp,test,cxx_lt_to_ge,Killed,cpp,3872:34,3872:35,Replaced < with >=,>=
120,bin/host/halide_blur.halide_generated.cpp (Line 3872) : Replaced < with <=,bin/host/halide_blur.halide_generated.cpp,test,cxx_lt_to_le,Survived,cpp,3872:34,3872:35,Replaced < with <=,<=
121,bin/host/halide_blur.halide_generated.cpp (Line 3875) : Replaced * with /,bin/host/halide_blur.halide_generated.cpp,test,cxx_mul_to_div,Killed,cpp,3875:59,3875:60,Replaced * with /,/
122,bin/host/halide_blur.halide_generated.cpp (Line 3876) : Replaced + with -,bin/host/halide_blur.halide_generated.cpp,test,cxx_add_to_sub,Killed,cpp,3876:41,3876:42,Replaced + with -,-
123,bin/host/halide_blur.halide_generated.cpp (Line 3877) : Replaced + with -,bin/host/halide_blur.halide_generated.cpp,test,cxx_add_to_sub,Killed,cpp,3877:41,3877:42,Replaced + with -,-
124,bin/host/halide_blur.halide_generated.cpp (Line 3879) : Replaced + with -,bin/host/halide_blur.halide_generated.cpp,test,cxx_add_to_sub,Killed,cpp,3879:41,3879:42,Replaced + with -,-
125,bin/host/halide_blur.halide_generated.cpp (Line 3881) : Replaced + with -,bin/host/halide_blur.halide_generated.cpp,test,cxx_add_to_sub,Killed,cpp,3881:41,3881:42,Replaced + with -,-
126,bin/host/halide_blur.halide_generated.cpp (Line 3883) : Replaced + with -,bin/host/halide_blur.halide_generated.cpp,test,cxx_add_to_sub,Killed,cpp,3883:45,3883:46,Replaced + with -,-
127,bin/host/halide_blur.halide_generated.cpp (Line 3884) : Replaced + with -,bin/host/halide_blur.halide_generated.cpp,test,cxx_add_to_sub,Killed,cpp,3884:45,3884:46,Replaced + with -,-
128,bin/host/halide_blur.halide_generated.cpp (Line 3887) : Replaced / with *,bin/host/halide_blur.halide_generated.cpp,test,cxx_div_to_mul,Killed,cpp,3887:45,3887:46,Replaced / with *,*
129,bin/host/halide_blur.halide_generated.cpp (Line 3888) : Replaced + with -,bin/host/halide_blur.halide_generated.cpp,test,cxx_add_to_sub,Killed,cpp,3888:41,3888:42,Replaced + with -,-
130,bin/host/halide_blur.halide_generated.cpp (Line 3889) : Replaced + with -,bin/host/halide_blur.halide_generated.cpp,test,cxx_add_to_sub,Killed,cpp,3889:41,3889:42,Replaced + with -,-
131,bin/host/halide_blur.halide_generated.cpp (Line 3893) : Replaced + with -,bin/host/halide_blur.halide_generated.cpp,test,cxx_add_to_sub,Killed,cpp,3893:36,3893:37,Replaced + with -,-
132,bin/host/halide_blur.halide_generated.cpp (Line 3895) : Replaced * with /,bin/host/halide_blur.halide_generated.cpp,test,cxx_mul_to_div,Killed,cpp,3895:37,3895:38,Replaced * with /,/
133,bin/host/halide_blur.halide_generated.cpp (Line 3896) : Replaced * with /,bin/host/halide_blur.halide_generated.cpp,test,cxx_mul_to_div,Killed,cpp,3896:55,3896:56,Replaced * with /,/
134,bin/host/halide_blur.halide_generated.cpp (Line 3897) : Replaced + with -,bin/host/halide_blur.halide_generated.cpp,test,cxx_add_to_sub,Killed,cpp,3897:37,3897:38,Replaced + with -,-
135,bin/host/halide_blur.halide_generated.cpp (Line 3898) : Replaced + with -,bin/host/halide_blur.halide_generated.cpp,test,cxx_add_to_sub,Killed,cpp,3898:37,3898:38,Replaced + with -,-
136,bin/host/halide_blur.halide_generated.cpp (Line 3900) : Replaced + with -,bin/host/halide_blur.halide_generated.cpp,test,cxx_add_to_sub,Survived,cpp,3900:36,3900:37,Replaced + with -,-
137,bin/host/halide_blur.halide_generated.cpp (Line 3902) : Replaced * with /,bin/host/halide_blur.halide_generated.cpp,test,cxx_mul_to_div,Killed,cpp,3902:37,3902:38,Replaced * with /,/
138,bin/host/halide_blur.halide_generated.cpp (Line 3903) : Replaced + with -,bin/host/halide_blur.halide_generated.cpp,test,cxx_add_to_sub,Killed,cpp,3903:37,3903:38,Replaced + with -,-
139,bin/host/halide_blur.halide_generated.cpp (Line 3904) : Replaced + with -,bin/host/halide_blur.halide_generated.cpp,test,cxx_add_to_sub,Killed,cpp,3904:37,3904:38,Replaced + with -,-
140,bin/host/halide_blur.halide_generated.cpp (Line 3907) : Replaced * with /,bin/host/halide_blur.halide_generated.cpp,test,cxx_mul_to_div,Killed,cpp,3907:37,3907:38,Replaced * with /,/
141,bin/host/halide_blur.halide_generated.cpp (Line 3908) : Replaced + with -,bin/host/halide_blur.halide_generated.cpp,test,cxx_add_to_sub,Killed,cpp,3908:37,3908:38,Replaced + with -,-
142,bin/host/halide_blur.halide_generated.cpp (Line 3909) : Replaced + with -,bin/host/halide_blur.halide_generated.cpp,test,cxx_add_to_sub,Killed,cpp,3909:37,3909:38,Replaced + with -,-
143,bin/host/halide_blur.halide_generated.cpp (Line 3911) : Replaced + with -,bin/host/halide_blur.halide_generated.cpp,test,cxx_add_to_sub,Killed,cpp,3911:41,3911:42,Replaced + with -,-
144,bin/host/halide_blur.halide_generated.cpp (Line 3912) : Replaced + with -,bin/host/halide_blur.halide_generated.cpp,test,cxx_add_to_sub,Killed,cpp,3912:41,3912:42,Replaced + with -,-
145,bin/host/halide_blur.halide_generated.cpp (Line 3915) : Replaced / with *,bin/host/halide_blur.halide_generated.cpp,test,cxx_div_to_mul,Killed,cpp,3915:41,3915:42,Replaced / with *,*
146,bin/host/halide_blur.halide_generated.cpp (Line 3916) : Replaced * with /,bin/host/halide_blur.halide_generated.cpp,test,cxx_mul_to_div,Killed,cpp,3916:35,3916:36,Replaced * with /,/
147,bin/host/halide_blur.halide_generated.cpp (Line 3917) : Replaced + with -,bin/host/halide_blur.halide_generated.cpp,test,cxx_add_to_sub,Survived,cpp,3917:37,3917:38,Replaced + with -,-
148,bin/host/halide_blur.halide_generated.cpp (Line 3918) : Replaced + with -,bin/host/halide_blur.halide_generated.cpp,test,cxx_add_to_sub,Killed,cpp,3918:37,3918:38,Replaced + with -,-
149,bin/host/halide_blur.halide_generated.cpp (Line 3919) : Replaced + with -,bin/host/halide_blur.halide_generated.cpp,test,cxx_add_to_sub,Killed,cpp,3919:37,3919:38,Replaced + with -,-
150,bin/host/halide_blur.halide_generated.cpp (Line 3924) : Replaced + with -,bin/host/halide_blur.halide_generated.cpp,test,cxx_add_to_sub,Survived,cpp,3924:52,3924:53,Replaced + with -,-
151,bin/host/halide_blur.halide_generated.cpp (Line 3925) : Replaced * with /,bin/host/halide_blur.halide_generated.cpp,test,cxx_mul_to_div,Survived,cpp,3925:37,3925:38,Replaced * with /,/
152,bin/host/halide_blur.halide_generated.cpp (Line 3926) : Replaced * with /,bin/host/halide_blur.halide_generated.cpp,test,cxx_mul_to_div,Survived,cpp,3926:36,3926:37,Replaced * with /,/
153,bin/host/halide_blur.halide_generated.cpp (Line 3927) : Replaced + with -,bin/host/halide_blur.halide_generated.cpp,test,cxx_add_to_sub,Survived,cpp,3927:37,3927:38,Replaced + with -,-
154,bin/host/halide_blur.halide_generated.cpp (Line 3928) : Replaced + with -,bin/host/halide_blur.halide_generated.cpp,test,cxx_add_to_sub,Survived,cpp,3928:37,3928:38,Replaced + with -,-
155,bin/host/halide_blur.halide_generated.cpp (Line 3929) : Replaced - with +,bin/host/halide_blur.halide_generated.cpp,test,cxx_sub_to_add,Survived,cpp,3929:37,3929:38,Replaced - with +,+
156,bin/host/halide_blur.halide_generated.cpp (Line 3930) : Replaced - with +,bin/host/halide_blur.halide_generated.cpp,test,cxx_sub_to_add,Survived,cpp,3930:37,3930:38,Replaced - with +,+
157,bin/host/halide_blur.halide_generated.cpp (Line 3931) : Replaced + with -,bin/host/halide_blur.halide_generated.cpp,test,cxx_add_to_sub,Survived,cpp,3931:37,3931:38,Replaced + with -,-
158,bin/host/halide_blur.halide_generated.cpp (Line 3932) : Replaced + with -,bin/host/halide_blur.halide_generated.cpp,test,cxx_add_to_sub,Survived,cpp,3932:37,3932:38,Replaced + with -,-
159,bin/host/halide_blur.halide_generated.cpp (Line 3934) : Replaced + with -,bin/host/halide_blur.halide_generated.cpp,test,cxx_add_to_sub,Survived,cpp,3934:37,3934:38,Replaced + with -,-
160,bin/host/halide_blur.halide_generated.cpp (Line 3937) : Replaced + with -,bin/host/halide_blur.halide_generated.cpp,test,cxx_add_to_sub,Survived,cpp,3937:41,3937:42,Replaced + with -,-
161,bin/host/halide_blur.halide_generated.cpp (Line 3938) : Replaced + with -,bin/host/halide_blur.halide_generated.cpp,test,cxx_add_to_sub,Survived,cpp,3938:41,3938:42,Replaced + with -,-
162,bin/host/halide_blur.halide_generated.cpp (Line 3941) : Replaced / with *,bin/host/halide_blur.halide_generated.cpp,test,cxx_div_to_mul,Survived,cpp,3941:41,3941:42,Replaced / with *,*
163,bin/host/halide_blur.halide_generated.cpp (Line 3942) : Replaced + with -,bin/host/halide_blur.halide_generated.cpp,test,cxx_add_to_sub,Survived,cpp,3942:37,3942:38,Replaced + with -,-
164,bin/host/halide_blur.halide_generated.cpp (Line 3944) : Replaced * with /,bin/host/halide_blur.halide_generated.cpp,test,cxx_mul_to_div,Survived,cpp,3944:37,3944:38,Replaced * with /,/
165,bin/host/halide_blur.halide_generated.cpp (Line 3945) : Replaced + with -,bin/host/halide_blur.halide_generated.cpp,test,cxx_add_to_sub,Survived,cpp,3945:37,3945:38,Replaced + with -,-
166,bin/host/halide_blur.halide_generated.cpp (Line 3948) : Replaced + with -,bin/host/halide_blur.halide_generated.cpp,test,cxx_add_to_sub,Survived,cpp,3948:52,3948:53,Replaced + with -,-
167,bin/host/halide_blur.halide_generated.cpp (Line 3949) : Replaced + with -,bin/host/halide_blur.halide_generated.cpp,test,cxx_add_to_sub,Survived,cpp,3949:37,3949:38,Replaced + with -,-
168,bin/host/halide_blur.halide_generated.cpp (Line 3951) : Replaced * with /,bin/host/halide_blur.halide_generated.cpp,test,cxx_mul_to_div,Survived,cpp,3951:37,3951:38,Replaced * with /,/
169,bin/host/halide_blur.halide_generated.cpp (Line 3952) : Replaced + with -,bin/host/halide_blur.halide_generated.cpp,test,cxx_add_to_sub,Survived,cpp,3952:37,3952:38,Replaced + with -,-
170,bin/host/halide_blur.halide_generated.cpp (Line 3954) : Replaced + with -,bin/host/halide_blur.halide_generated.cpp,test,cxx_add_to_sub,Survived,cpp,3954:37,3954:38,Replaced + with -,-
171,bin/host/halide_blur.halide_generated.cpp (Line 3956) : Replaced * with /,bin/host/halide_blur.halide_generated.cpp,test,cxx_mul_to_div,Survived,cpp,3956:37,3956:38,Replaced * with /,/
172,bin/host/halide_blur.halide_generated.cpp (Line 3957) : Replaced + with -,bin/host/halide_blur.halide_generated.cpp,test,cxx_add_to_sub,Survived,cpp,3957:37,3957:38,Replaced + with -,-
173,bin/host/halide_blur.halide_generated.cpp (Line 3960) : Replaced * with /,bin/host/halide_blur.halide_generated.cpp,test,cxx_mul_to_div,Survived,cpp,3960:37,3960:38,Replaced * with /,/
174,bin/host/halide_blur.halide_generated.cpp (Line 3961) : Replaced + with -,bin/host/halide_blur.halide_generated.cpp,test,cxx_add_to_sub,Survived,cpp,3961:37,3961:38,Replaced + with -,-
175,bin/host/halide_blur.halide_generated.cpp (Line 3963) : Replaced + with -,bin/host/halide_blur.halide_generated.cpp,test,cxx_add_to_sub,Survived,cpp,3963:41,3963:42,Replaced + with -,-
176,bin/host/halide_blur.halide_generated.cpp (Line 3964) : Replaced + with -,bin/host/halide_blur.halide_generated.cpp,test,cxx_add_to_sub,Survived,cpp,3964:41,3964:42,Replaced + with -,-
177,bin/host/halide_blur.halide_generated.cpp (Line 3967) : Replaced / with *,bin/host/halide_blur.halide_generated.cpp,test,cxx_div_to_mul,Survived,cpp,3967:41,3967:42,Replaced / with *,*
178,bin/host/halide_blur.halide_generated.cpp (Line 3968) : Replaced * with /,bin/host/halide_blur.halide_generated.cpp,test,cxx_mul_to_div,Survived,cpp,3968:35,3968:36,Replaced * with /,/
179,bin/host/halide_blur.halide_generated.cpp (Line 3969) : Replaced + with -,bin/host/halide_blur.halide_generated.cpp,test,cxx_add_to_sub,Survived,cpp,3969:37,3969:38,Replaced + with -,-
180,bin/host/halide_blur.halide_generated.cpp (Line 3983) : Replaced != with ==,bin/host/halide_blur.halide_generated.cpp,test,cxx_ne_to_eq,Killed,cpp,3983:22,3983:24,Replaced != with ==,==
181,bin/host/halide_blur.halide_generated.cpp (Line 3990) : Replaced != with ==,bin/host/halide_blur.halide_generated.cpp,test,cxx_ne_to_eq,Killed,cpp,3990:22,3990:24,Replaced != with ==,==
182,bin/host/halide_blur.halide_generated.cpp (Line 4019) : Replaced < with >=,bin/host/halide_blur.halide_generated.cpp,test,cxx_lt_to_ge,Survived,cpp,4019:20,4019:21,Replaced < with >=,>=
183,bin/host/halide_blur.halide_generated.cpp (Line 4019) : Replaced < with <=,bin/host/halide_blur.halide_generated.cpp,test,cxx_lt_to_le,Survived,cpp,4019:20,4019:21,Replaced < with <=,<=
184,bin/host/halide_blur.halide_generated.cpp (Line 4020) : Replaced + with -,bin/host/halide_blur.halide_generated.cpp,test,cxx_add_to_sub,Survived,cpp,4020:25,4020:26,Replaced + with -,-
185,bin/host/halide_blur.halide_generated.cpp (Line 4022) : Replaced * with /,bin/host/halide_blur.halide_generated.cpp,test,cxx_mul_to_div,Survived,cpp,4022:25,4022:26,Replaced * with /,/
186,bin/host/halide_blur.halide_generated.cpp (Line 4023) : Replaced + with -,bin/host/halide_blur.halide_generated.cpp,test,cxx_add_to_sub,Killed,cpp,4023:25,4023:26,Replaced + with -,-
187,bin/host/halide_blur.halide_generated.cpp (Line 4029) : Replaced + with -,bin/host/halide_blur.halide_generated.cpp,test,cxx_add_to_sub,Survived,cpp,4029:25,4029:26,Replaced + with -,-
188,bin/host/halide_blur.halide_generated.cpp (Line 4031) : Replaced * with /,bin/host/halide_blur.halide_generated.cpp,test,cxx_mul_to_div,Survived,cpp,4031:25,4031:26,Replaced * with /,/
189,bin/host/halide_blur.halide_generated.cpp (Line 4032) : Replaced + with -,bin/host/halide_blur.halide_generated.cpp,test,cxx_add_to_sub,Survived,cpp,4032:25,4032:26,Replaced + with -,-
190,bin/host/halide_blur.halide_generated.cpp (Line 4034) : Replaced + with -,bin/host/halide_blur.halide_generated.cpp,test,cxx_add_to_sub,Survived,cpp,4034:25,4034:26,Replaced + with -,-
191,bin/host/halide_blur.halide_generated.cpp (Line 4037) : Replaced + with -,bin/host/halide_blur.halide_generated.cpp,test,cxx_add_to_sub,Survived,cpp,4037:25,4037:26,Replaced + with -,-
192,bin/host/halide_blur.halide_generated.cpp (Line 4040) : Replaced + with -,bin/host/halide_blur.halide_generated.cpp,test,cxx_add_to_sub,Survived,cpp,4040:25,4040:26,Replaced + with -,-
193,bin/host/halide_blur.halide_generated.cpp (Line 4043) : Replaced - with +,bin/host/halide_blur.halide_generated.cpp,test,cxx_sub_to_add,Survived,cpp,4043:25,4043:26,Replaced - with +,+
194,bin/host/halide_blur.halide_generated.cpp (Line 4052) : Replaced + with -,bin/host/halide_blur.halide_generated.cpp,test,cxx_add_to_sub,Survived,cpp,4052:29,4052:30,Replaced + with -,-
195,bin/host/halide_blur.halide_generated.cpp (Line 4053) : Replaced + with -,bin/host/halide_blur.halide_generated.cpp,test,cxx_add_to_sub,Survived,cpp,4053:29,4053:30,Replaced + with -,-
196,bin/host/halide_blur.halide_generated.cpp (Line 4055) : Replaced + with -,bin/host/halide_blur.halide_generated.cpp,test,cxx_add_to_sub,Survived,cpp,4055:29,4055:30,Replaced + with -,-
197,bin/host/halide_blur.halide_generated.cpp (Line 4056) : Replaced + with -,bin/host/halide_blur.halide_generated.cpp,test,cxx_add_to_sub,Survived,cpp,4056:29,4056:30,Replaced + with -,-
198,bin/host/halide_blur.halide_generated.cpp (Line 4072) : Replaced + with -,bin/host/halide_blur.halide_generated.cpp,test,cxx_add_to_sub,Survived,cpp,4072:29,4072:30,Replaced + with -,-
199,bin/host/halide_blur.halide_generated.cpp (Line 4073) : Replaced + with -,bin/host/halide_blur.halide_generated.cpp,test,cxx_add_to_sub,Survived,cpp,4073:29,4073:30,Replaced + with -,-
200,bin/host/halide_blur.halide_generated.cpp (Line 4075) : Replaced + with -,bin/host/halide_blur.halide_generated.cpp,test,cxx_add_to_sub,Survived,cpp,4075:29,4075:30,Replaced + with -,-
201,bin/host/halide_blur.halide_generated.cpp (Line 4076) : Replaced + with -,bin/host/halide_blur.halide_generated.cpp,test,cxx_add_to_sub,Survived,cpp,4076:29,4076:30,Replaced + with -,-
202,bin/host/halide_blur.halide_generated.cpp (Line 4078) : Replaced + with -,bin/host/halide_blur.halide_generated.cpp,test,cxx_add_to_sub,Survived,cpp,4078:29,4078:30,Replaced + with -,-
203,bin/host/halide_blur.halide_generated.cpp (Line 4093) : Replaced == with !=,bin/host/halide_blur.halide_generated.cpp,test,cxx_eq_to_ne,Killed,cpp,4093:26,4093:28,Replaced == with !=,!=
204,bin/host/halide_blur.halide_generated.cpp (Line 4099) : Replaced == with !=,bin/host/halide_blur.halide_generated.cpp,test,cxx_eq_to_ne,Killed,cpp,4099:26,4099:28,Replaced == with !=,!=
205,bin/host/halide_blur.halide_generated.cpp (Line 4105) : Replaced == with !=,bin/host/halide_blur.halide_generated.cpp,test,cxx_eq_to_ne,Killed,cpp,4105:26,4105:28,Replaced == with !=,!=
206,bin/host/halide_blur.halide_generated.cpp (Line 4111) : Replaced == with !=,bin/host/halide_blur.halide_generated.cpp,test,cxx_eq_to_ne,Killed,cpp,4111:26,4111:28,Replaced == with !=,!=
207,bin/host/halide_blur.halide_generated.cpp (Line 4116) : Replaced <= with >,bin/host/halide_blur.halide_generated.cpp,test,cxx_le_to_gt,Killed,cpp,4116:24,4116:26,Replaced <= with >,>
208,bin/host/halide_blur.halide_generated.cpp (Line 4116) : Replaced <= with <,bin/host/halide_blur.halide_generated.cpp,test,cxx_le_to_lt,Survived,cpp,4116:24,4116:26,Replaced <= with <,<
209,bin/host/halide_blur.halide_generated.cpp (Line 4118) : Replaced + with -,bin/host/halide_blur.halide_generated.cpp,test,cxx_add_to_sub,Survived,cpp,4118:33,4118:34,Replaced + with -,-
210,bin/host/halide_blur.halide_generated.cpp (Line 4120) : Replaced + with -,bin/host/halide_blur.halide_generated.cpp,test,cxx_add_to_sub,Survived,cpp,4120:33,4120:34,Replaced + with -,-
211,bin/host/halide_blur.halide_generated.cpp (Line 4121) : Replaced + with -,bin/host/halide_blur.halide_generated.cpp,test,cxx_add_to_sub,Survived,cpp,4121:33,4121:34,Replaced + with -,-
212,bin/host/halide_blur.halide_generated.cpp (Line 4122) : Replaced + with -,bin/host/halide_blur.halide_generated.cpp,test,cxx_add_to_sub,Survived,cpp,4122:33,4122:34,Replaced + with -,-
213,bin/host/halide_blur.halide_generated.cpp (Line 4126) : Replaced <= with >,bin/host/halide_blur.halide_generated.cpp,test,cxx_le_to_gt,Killed,cpp,4126:24,4126:26,Replaced <= with >,>
214,bin/host/halide_blur.halide_generated.cpp (Line 4126) : Replaced <= with <,bin/host/halide_blur.halide_generated.cpp,test,cxx_le_to_lt,Survived,cpp,4126:24,4126:26,Replaced <= with <,<
215,bin/host/halide_blur.halide_generated.cpp (Line 4128) : Replaced + with -,bin/host/halide_blur.halide_generated.cpp,test,cxx_add_to_sub,Survived,cpp,4128:33,4128:34,Replaced + with -,-
216,bin/host/halide_blur.halide_generated.cpp (Line 4130) : Replaced + with -,bin/host/halide_blur.halide_generated.cpp,test,cxx_add_to_sub,Survived,cpp,4130:33,4130:34,Replaced + with -,-
217,bin/host/halide_blur.halide_generated.cpp (Line 4131) : Replaced + with -,bin/host/halide_blur.halide_generated.cpp,test,cxx_add_to_sub,Survived,cpp,4131:33,4131:34,Replaced + with -,-
218,bin/host/halide_blur.halide_generated.cpp (Line 4132) : Replaced + with -,bin/host/halide_blur.halide_generated.cpp,test,cxx_add_to_sub,Survived,cpp,4132:33,4132:34,Replaced + with -,-
219,bin/host/halide_blur.halide_generated.cpp (Line 4136) : Replaced + with -,bin/host/halide_blur.halide_generated.cpp,test,cxx_add_to_sub,Survived,cpp,4136:29,4136:30,Replaced + with -,-
220,bin/host/halide_blur.halide_generated.cpp (Line 4137) : Replaced <= with >,bin/host/halide_blur.halide_generated.cpp,test,cxx_le_to_gt,Killed,cpp,4137:26,4137:28,Replaced <= with >,>
221,bin/host/halide_blur.halide_generated.cpp (Line 4137) : Replaced <= with <,bin/host/halide_blur.halide_generated.cpp,test,cxx_le_to_lt,Killed,cpp,4137:26,4137:28,Replaced <= with <,<
222,bin/host/halide_blur.halide_generated.cpp (Line 4138) : Replaced + with -,bin/host/halide_blur.halide_generated.cpp,test,cxx_add_to_sub,Survived,cpp,4138:29,4138:30,Replaced + with -,-
223,bin/host/halide_blur.halide_generated.cpp (Line 4139) : Replaced + with -,bin/host/halide_blur.halide_generated.cpp,test,cxx_add_to_sub,Survived,cpp,4139:29,4139:30,Replaced + with -,-
224,bin/host/halide_blur.halide_generated.cpp (Line 4140) : Replaced + with -,bin/host/halide_blur.halide_generated.cpp,test,cxx_add_to_sub,Survived,cpp,4140:29,4140:30,Replaced + with -,-
225,bin/host/halide_blur.halide_generated.cpp (Line 4141) : Replaced <= with >,bin/host/halide_blur.halide_generated.cpp,test,cxx_le_to_gt,Killed,cpp,4141:26,4141:28,Replaced <= with >,>
226,bin/host/halide_blur.halide_generated.cpp (Line 4141) : Replaced <= with <,bin/host/halide_blur.halide_generated.cpp,test,cxx_le_to_lt,Survived,cpp,4141:26,4141:28,Replaced <= with <,<
227,bin/host/halide_blur.halide_generated.cpp (Line 4144) : Replaced + with -,bin/host/halide_blur.halide_generated.cpp,test,cxx_add_to_sub,Survived,cpp,4144:33,4144:34,Replaced + with -,-
228,bin/host/halide_blur.halide_generated.cpp (Line 4145) : Replaced + with -,bin/host/halide_blur.halide_generated.cpp,test,cxx_add_to_sub,Survived,cpp,4145:33,4145:34,Replaced + with -,-
229,bin/host/halide_blur.halide_generated.cpp (Line 4146) : Replaced + with -,bin/host/halide_blur.halide_generated.cpp,test,cxx_add_to_sub,Survived,cpp,4146:33,4146:34,Replaced + with -,-
230,bin/host/halide_blur.halide_generated.cpp (Line 4147) : Replaced + with -,bin/host/halide_blur.halide_generated.cpp,test,cxx_add_to_sub,Survived,cpp,4147:33,4147:34,Replaced + with -,-
231,bin/host/halide_blur.halide_generated.cpp (Line 4151) : Replaced <= with >,bin/host/halide_blur.halide_generated.cpp,test,cxx_le_to_gt,Killed,cpp,4151:23,4151:25,Replaced <= with >,>
232,bin/host/halide_blur.halide_generated.cpp (Line 4151) : Replaced <= with <,bin/host/halide_blur.halide_generated.cpp,test,cxx_le_to_lt,Survived,cpp,4151:23,4151:25,Replaced <= with <,<
233,bin/host/halide_blur.halide_generated.cpp (Line 4156) : Replaced <= with >,bin/host/halide_blur.halide_generated.cpp,test,cxx_le_to_gt,Killed,cpp,4156:26,4156:28,Replaced <= with >,>
234,bin/host/halide_blur.halide_generated.cpp (Line 4156) : Replaced <= with <,bin/host/halide_blur.halide_generated.cpp,test,cxx_le_to_lt,Killed,cpp,4156:26,4156:28,Replaced <= with <,<
235,bin/host/halide_blur.halide_generated.cpp (Line 4157) : Replaced + with -,bin/host/halide_blur.halide_generated.cpp,test,cxx_add_to_sub,Survived,cpp,4157:29,4157:30,Replaced + with -,-
236,bin/host/halide_blur.halide_generated.cpp (Line 4158) : Replaced + with -,bin/host/halide_blur.halide_generated.cpp,test,cxx_add_to_sub,Survived,cpp,4158:29,4158:30,Replaced + with -,-
237,bin/host/halide_blur.halide_generated.cpp (Line 4159) : Replaced + with -,bin/host/halide_blur.halide_generated.cpp,test,cxx_add_to_sub,Survived,cpp,4159:29,4159:30,Replaced + with -,-
238,bin/host/halide_blur.halide_generated.cpp (Line 4160) : Replaced <= with >,bin/host/halide_blur.halide_generated.cpp,test,cxx_le_to_gt,Killed,cpp,4160:26,4160:28,Replaced <= with >,>
239,bin/host/halide_blur.halide_generated.cpp (Line 4160) : Replaced <= with <,bin/host/halide_blur.halide_generated.cpp,test,cxx_le_to_lt,Killed,cpp,4160:26,4160:28,Replaced <= with <,<
240,bin/host/halide_blur.halide_generated.cpp (Line 4163) : Replaced + with -,bin/host/halide_blur.halide_generated.cpp,test,cxx_add_to_sub,Survived,cpp,4163:33,4163:34,Replaced + with -,-
241,bin/host/halide_blur.halide_generated.cpp (Line 4164) : Replaced + with -,bin/host/halide_blur.halide_generated.cpp,test,cxx_add_to_sub,Survived,cpp,4164:33,4164:34,Replaced + with -,-
242,bin/host/halide_blur.halide_generated.cpp (Line 4165) : Replaced + with -,bin/host/halide_blur.halide_generated.cpp,test,cxx_add_to_sub,Survived,cpp,4165:33,4165:34,Replaced + with -,-
243,bin/host/halide_blur.halide_generated.cpp (Line 4166) : Replaced + with -,bin/host/halide_blur.halide_generated.cpp,test,cxx_add_to_sub,Survived,cpp,4166:33,4166:34,Replaced + with -,-
244,bin/host/halide_blur.halide_generated.cpp (Line 4170) : Replaced <= with >,bin/host/halide_blur.halide_generated.cpp,test,cxx_le_to_gt,Killed,cpp,4170:23,4170:25,Replaced <= with >,>
245,bin/host/halide_blur.halide_generated.cpp (Line 4170) : Replaced <= with <,bin/host/halide_blur.halide_generated.cpp,test,cxx_le_to_lt,Survived,cpp,4170:23,4170:25,Replaced <= with <,<
246,bin/host/halide_blur.halide_generated.cpp (Line 4175) : Replaced == with !=,bin/host/halide_blur.halide_generated.cpp,test,cxx_eq_to_ne,Killed,cpp,4175:26,4175:28,Replaced == with !=,!=
247,bin/host/halide_blur.halide_generated.cpp (Line 4180) : Replaced == with !=,bin/host/halide_blur.halide_generated.cpp,test,cxx_eq_to_ne,Killed,cpp,4180:26,4180:28,Replaced == with !=,!=
248,bin/host/halide_blur.halide_generated.cpp (Line 4187) : Replaced * with /,bin/host/halide_blur.halide_generated.cpp,test,cxx_mul_to_div,Survived,cpp,4187:29,4187:30,Replaced * with /,/
249,bin/host/halide_blur.halide_generated.cpp (Line 4190) : Replaced * with /,bin/host/halide_blur.halide_generated.cpp,test,cxx_mul_to_div,Survived,cpp,4190:29,4190:30,Replaced * with /,/
250,bin/host/halide_blur.halide_generated.cpp (Line 4193) : Replaced <= with >,bin/host/halide_blur.halide_generated.cpp,test,cxx_le_to_gt,Killed,cpp,4193:26,4193:28,Replaced <= with >,>
251,bin/host/halide_blur.halide_generated.cpp (Line 4193) : Replaced <= with <,bin/host/halide_blur.halide_generated.cpp,test,cxx_le_to_lt,Survived,cpp,4193:26,4193:28,Replaced <= with <,<
252,bin/host/halide_blur.halide_generated.cpp (Line 4202) : Replaced * with /,bin/host/halide_blur.halide_generated.cpp,test,cxx_mul_to_div,Survived,cpp,4202:29,4202:30,Replaced * with /,/
253,bin/host/halide_blur.halide_generated.cpp (Line 4204) : Replaced - with +,bin/host/halide_blur.halide_generated.cpp,test,cxx_sub_to_add,Survived,cpp,4204:29,4204:30,Replaced - with +,+
254,bin/host/halide_blur.halide_generated.cpp (Line 4205) : Replaced > with >=,bin/host/halide_blur.halide_generated.cpp,test,cxx_gt_to_ge,Survived,cpp,4205:26,4205:27,Replaced > with >=,>=
255,bin/host/halide_blur.halide_generated.cpp (Line 4205) : Replaced > with <=,bin/host/halide_blur.halide_generated.cpp,test,cxx_gt_to_le,Killed,cpp,4205:26,4205:27,Replaced > with <=,<=
256,bin/host/halide_blur.halide_generated.cpp (Line 4210) : Replaced <= with >,bin/host/halide_blur.halide_generated.cpp,test,cxx_le_to_gt,Killed,cpp,4210:26,4210:28,Replaced <= with >,>
257,bin/host/halide_blur.halide_generated.cpp (Line 4210) : Replaced <= with <,bin/host/halide_blur.halide_generated.cpp,test,cxx_le_to_lt,Survived,cpp,4210:26,4210:28,Replaced <= with <,<
258,bin/host/halide_blur.halide_generated.cpp (Line 4214) : Replaced * with /,bin/host/halide_blur.halide_generated.cpp,test,cxx_mul_to_div,Survived,cpp,4214:33,4214:34,Replaced * with /,/
259,bin/host/halide_blur.halide_generated.cpp (Line 4216) : Replaced - with +,bin/host/halide_blur.halide_generated.cpp,test,cxx_sub_to_add,Survived,cpp,4216:33,4216:34,Replaced - with +,+
260,bin/host/halide_blur.halide_generated.cpp (Line 4217) : Replaced > with >=,bin/host/halide_blur.halide_generated.cpp,test,cxx_gt_to_ge,Survived,cpp,4217:30,4217:31,Replaced > with >=,>=
261,bin/host/halide_blur.halide_generated.cpp (Line 4217) : Replaced > with <=,bin/host/halide_blur.halide_generated.cpp,test,cxx_gt_to_le,Survived,cpp,4217:30,4217:31,Replaced > with <=,<=
262,bin/host/halide_blur.halide_generated.cpp (Line 4226) : Replaced <= with >,bin/host/halide_blur.halide_generated.cpp,test,cxx_le_to_gt,Killed,cpp,4226:26,4226:28,Replaced <= with >,>
263,bin/host/halide_blur.halide_generated.cpp (Line 4226) : Replaced <= with <,bin/host/halide_blur.halide_generated.cpp,test,cxx_le_to_lt,Survived,cpp,4226:26,4226:28,Replaced <= with <,<
264,bin/host/halide_blur.halide_generated.cpp (Line 4234) : Replaced <= with >,bin/host/halide_blur.halide_generated.cpp,test,cxx_le_to_gt,Killed,cpp,4234:26,4234:28,Replaced <= with >,>
265,bin/host/halide_blur.halide_generated.cpp (Line 4234) : Replaced <= with <,bin/host/halide_blur.halide_generated.cpp,test,cxx_le_to_lt,Survived,cpp,4234:26,4234:28,Replaced <= with <,<
266,bin/host/halide_blur.halide_generated.cpp (Line 4243) : Replaced * with /,bin/host/halide_blur.halide_generated.cpp,test,cxx_mul_to_div,Survived,cpp,4243:29,4243:30,Replaced * with /,/
267,bin/host/halide_blur.halide_generated.cpp (Line 4245) : Replaced - with +,bin/host/halide_blur.halide_generated.cpp,test,cxx_sub_to_add,Survived,cpp,4245:29,4245:30,Replaced - with +,+
268,bin/host/halide_blur.halide_generated.cpp (Line 4246) : Replaced > with >=,bin/host/halide_blur.halide_generated.cpp,test,cxx_gt_to_ge,Survived,cpp,4246:26,4246:27,Replaced > with >=,>=
269,bin/host/halide_blur.halide_generated.cpp (Line 4246) : Replaced > with <=,bin/host/halide_blur.halide_generated.cpp,test,cxx_gt_to_le,Killed,cpp,4246:26,4246:27,Replaced > with <=,<=
270,bin/host/halide_blur.halide_generated.cpp (Line 4251) : Replaced <= with >,bin/host/halide_blur.halide_generated.cpp,test,cxx_le_to_gt,Killed,cpp,4251:26,4251:28,Replaced <= with >,>
271,bin/host/halide_blur.halide_generated.cpp (Line 4251) : Replaced <= with <,bin/host/halide_blur.halide_generated.cpp,test,cxx_le_to_lt,Survived,cpp,4251:26,4251:28,Replaced <= with <,<
272,bin/host/halide_blur.halide_generated.cpp (Line 4255) : Replaced * with /,bin/host/halide_blur.halide_generated.cpp,test,cxx_mul_to_div,Survived,cpp,4255:33,4255:34,Replaced * with /,/
273,bin/host/halide_blur.halide_generated.cpp (Line 4257) : Replaced - with +,bin/host/halide_blur.halide_generated.cpp,test,cxx_sub_to_add,Survived,cpp,4257:33,4257:34,Replaced - with +,+
274,bin/host/halide_blur.halide_generated.cpp (Line 4258) : Replaced > with >=,bin/host/halide_blur.halide_generated.cpp,test,cxx_gt_to_ge,Survived,cpp,4258:30,4258:31,Replaced > with >=,>=
275,bin/host/halide_blur.halide_generated.cpp (Line 4258) : Replaced > with <=,bin/host/halide_blur.halide_generated.cpp,test,cxx_gt_to_le,Survived,cpp,4258:30,4258:31,Replaced > with <=,<=
276,bin/host/halide_blur.halide_generated.cpp (Line 4267) : Replaced <= with >,bin/host/halide_blur.halide_generated.cpp,test,cxx_le_to_gt,Killed,cpp,4267:26,4267:28,Replaced <= with >,>
277,bin/host/halide_blur.halide_generated.cpp (Line 4267) : Replaced <= with <,bin/host/halide_blur.halide_generated.cpp,test,cxx_le_to_lt,Survived,cpp,4267:26,4267:28,Replaced <= with <,<
278,bin/host/halide_blur.halide_generated.cpp (Line 4284) : Replaced != with ==,bin/host/halide_blur.halide_generated.cpp,test,cxx_ne_to_eq,Killed,cpp,4284:29,4284:31,Replaced != with ==,==
279,bin/host/halide_blur.halide_generated.cpp (Line 4290) : Replaced != with ==,bin/host/halide_blur.halide_generated.cpp,test,cxx_ne_to_eq,Killed,cpp,4290:28,4290:30,Replaced != with ==,==
280,bin/host/halide_blur.halide_generated.cpp (Line 4296) : Replaced * with /,bin/host/halide_blur.halide_generated.cpp,test,cxx_mul_to_div,Survived,cpp,4296:29,4296:30,Replaced * with /,/
281,bin/host/halide_blur.halide_generated.cpp (Line 4298) : Replaced * with /,bin/host/halide_blur.halide_generated.cpp,test,cxx_mul_to_div,Survived,cpp,4298:29,4298:30,Replaced * with /,/
282,bin/host/halide_blur.halide_generated.cpp (Line 4300) : Replaced != with ==,bin/host/halide_blur.halide_generated.cpp,test,cxx_ne_to_eq,Survived,cpp,4300:26,4300:28,Replaced != with ==,==
283,bin/host/halide_blur.halide_generated.cpp (Line 4301) : Replaced + with -,bin/host/halide_blur.halide_generated.cpp,test,cxx_add_to_sub,Survived,cpp,4301:29,4301:30,Replaced + with -,-
284,bin/host/halide_blur.halide_generated.cpp (Line 4303) : Replaced + with -,bin/host/halide_blur.halide_generated.cpp,test,cxx_add_to_sub,Survived,cpp,4303:29,4303:30,Replaced + with -,-
285,bin/host/halide_blur.halide_generated.cpp (Line 4305) : Replaced + with -,bin/host/halide_blur.halide_generated.cpp,test,cxx_add_to_sub,Survived,cpp,4305:29,4305:30,Replaced + with -,-
286,bin/host/halide_blur.halide_generated.cpp (Line 4307) : Replaced * with /,bin/host/halide_blur.halide_generated.cpp,test,cxx_mul_to_div,Survived,cpp,4307:29,4307:30,Replaced * with /,/
287,bin/host/halide_blur.halide_generated.cpp (Line 4308) : Replaced - with +,bin/host/halide_blur.halide_generated.cpp,test,cxx_sub_to_add,Survived,cpp,4308:26,4308:27,Replaced - with +,+
288,bin/host/halide_blur.halide_generated.cpp (Line 4309) : Replaced * with /,bin/host/halide_blur.halide_generated.cpp,test,cxx_mul_to_div,Killed,cpp,4309:29,4309:30,Replaced * with /,/
289,bin/host/halide_blur.halide_generated.cpp (Line 4310) : Replaced + with -,bin/host/halide_blur.halide_generated.cpp,test,cxx_add_to_sub,Survived,cpp,4310:29,4310:30,Replaced + with -,-
290,bin/host/halide_blur.halide_generated.cpp (Line 4311) : Replaced - with +,bin/host/halide_blur.halide_generated.cpp,test,cxx_sub_to_add,Survived,cpp,4311:29,4311:30,Replaced - with +,+
291,bin/host/halide_blur.halide_generated.cpp (Line 4353) : Replaced == with !=,bin/host/halide_blur.halide_generated.cpp,test,cxx_eq_to_ne,Survived,cpp,4353:26,4353:28,Replaced == with !=,!=
